state,filename,bytes,sha256,source_url,url_confidence,source_hub
or,2025.09.05-Oregon-Mink-Bowman-Court-Monitor-Report.pdf,1466340,41bc87a152bee52390252f59800d555e70d7959e9eb34237e079e0dcd0cc16da,https://www.oregon.gov/oha/OSH/reports/2025.09.05-Oregon-Mink-Bowman-Court-Monitor-Report.pdf,inferred,https://www.oregon.gov/oha/osh/pages/mink-bowman.aspx
or,2025.12.06-Oregon-Mink-Bowman-Court-Monitor-Report.pdf,1189195,e1e414ae8b851d8e8599191aeb7ad53aa4bcb8ce1114589f1d6e307f41bc1b75,https://www.oregon.gov/oha/OSH/reports/2025.12.06-Oregon-Mink-Bowman-Court-Monitor-Report.pdf,inferred,https://www.oregon.gov/oha/osh/pages/mink-bowman.aspx
or,2026.03.16-Oregon-Mink-Bowman-Court-Monitor-Report.pdf,1492269,f2fef3af0f373e06b7fa6caace3f643d89b8793b97c5015861ca661026f1eac9,https://www.oregon.gov/oha/OSH/reports/2026.03.16-Oregon-Mink-Bowman-Court-Monitor-Report.pdf,inferred,https://www.oregon.gov/oha/osh/pages/mink-bowman.aspx
or,Oregon_Mink-Bowman_10th_Neutral_Expert_Pinals_Report.pdf,1104011,afd7d720e8e43d6ae5599d3f8c7e1862202f5ba8aaaf81251d6e973c10a1f70f,https://www.oregon.gov/oha/OSH/reports/Oregon_Mink-Bowman_10th_Neutral_Expert_Pinals_Report.pdf,inferred,https://www.oregon.gov/oha/osh/pages/mink-bowman.aspx
or,Oregon_Mink-Bowman_11th_Neutral_Expert_Pinals_Report.pdf,1341916,bc5eb1b045dbc3c50fa00a4255c3d8cba4a977c75cac7e59e618f10eac6a1898,https://www.oregon.gov/oha/OSH/reports/Oregon_Mink-Bowman_11th_Neutral_Expert_Pinals_Report.pdf,inferred,https://www.oregon.gov/oha/osh/pages/mink-bowman.aspx
or,Oregon_Mink-Bowman_11th_Neutral_Expert_Pinals_Report_supplement.pdf,426825,60dacd44f5e0d379f46bce4e156221a5e3c24017f6c763f1851d82bf7e1808da,https://www.oregon.gov/oha/OSH/reports/Oregon_Mink-Bowman_11th_Neutral_Expert_Pinals_Report_supplement.pdf,inferred,https://www.oregon.gov/oha/osh/pages/mink-bowman.aspx
or,Oregon_Mink-Bowman_1st_Neutral_Expert_Pinals_Report.pdf,473350,97eb8e2eb8ea9ae816db5d594dbcaf65b3ffc66cd64309fed5123d8727558377,https://www.oregon.gov/oha/OSH/reports/Oregon_Mink-Bowman_1st_Neutral_Expert_Pinals_Report.pdf,inferred,https://www.oregon.gov/oha/osh/pages/mink-bowman.aspx
or,Oregon_Mink-Bowman_2nd_Neutral_Expert_Pinals_Report.pdf,1109637,48483a4066dc27666708946b7830b9605b1f68303e2e53db5e304605216e67f9,https://www.oregon.gov/oha/OSH/reports/Oregon_Mink-Bowman_2nd_Neutral_Expert_Pinals_Report.pdf,inferred,https://www.oregon.gov/oha/osh/pages/mink-bowman.aspx
or,Oregon_Mink-Bowman_3rd_Neutral_Expert_Pinals_Report.pdf,739442,79f1ec42d8b3254d2eeaf6e0dbf9499182fa0ceb480637f2ca64676d2f9174bd,https://www.oregon.gov/oha/OSH/reports/Oregon_Mink-Bowman_3rd_Neutral_Expert_Pinals_Report.pdf,inferred,https://www.oregon.gov/oha/osh/pages/mink-bowman.aspx
or,Oregon_Mink-Bowman_4th_Neutral_Expert_Pinals_Report.pdf,889408,ff501816e95bc40bf01b5dd8d501b2dd12a773920d3dc410ec3531cc387bf3f6,https://www.oregon.gov/oha/OSH/reports/Oregon_Mink-Bowman_4th_Neutral_Expert_Pinals_Report.pdf,inferred,https://www.oregon.gov/oha/osh/pages/mink-bowman.aspx
or,Oregon_Mink-Bowman_5th_Neutral_Expert_Pinals_Report.pdf,759095,4e577307a8f5b31b182972805ab461f7402703f200643a0fc3f3a2874ac6a3b4,https://www.oregon.gov/oha/OSH/reports/Oregon_Mink-Bowman_5th_Neutral_Expert_Pinals_Report.pdf,inferred,https://www.oregon.gov/oha/osh/pages/mink-bowman.aspx
or,Oregon_Mink-Bowman_6th_Neutral_Expert_Pinals_Report.pdf,757303,a2734d9ada88d9e2ec9af695f3099bb3b961e3158c0f88d43b659329e16712d8,https://www.oregon.gov/oha/OSH/reports/Oregon_Mink-Bowman_6th_Neutral_Expert_Pinals_Report.pdf,inferred,https://www.oregon.gov/oha/osh/pages/mink-bowman.aspx
or,Oregon_Mink-Bowman_7th_Neutral_Expert_Pinals_Report.pdf,569924,9b7cc623b71a437a108ea542a2a018436b4b81142631c72f95a8520486f4f387,https://www.oregon.gov/oha/OSH/reports/Oregon_Mink-Bowman_7th_Neutral_Expert_Pinals_Report.pdf,inferred,https://www.oregon.gov/oha/osh/pages/mink-bowman.aspx
or,Oregon_Mink-Bowman_8th_Neutral_Expert_Pinals_Report.pdf,893887,c6d07b7b8b855444ee5d5175554e3b6560d5f50e284f4555134039590c7fb65d,https://www.oregon.gov/oha/OSH/reports/Oregon_Mink-Bowman_8th_Neutral_Expert_Pinals_Report.pdf,inferred,https://www.oregon.gov/oha/osh/pages/mink-bowman.aspx
or,Oregon_Mink-Bowman_9th_Neutral_Expert_Pinals_Report.pdf,1084003,644f4c52828580841a25c2d3b5ac877c1e4ad86f1e687be9afe30747c501658d,https://www.oregon.gov/oha/OSH/reports/Oregon_Mink-Bowman_9th_Neutral_Expert_Pinals_Report.pdf,inferred,https://www.oregon.gov/oha/osh/pages/mink-bowman.aspx
or,PLD-2022.10.03.pdf,1318778,f523949c3e11418c549a1c015c90d60b908c61c924552d4e702502454495cbdb,https://www.oregon.gov/oha/osh/pages/mink-bowman.aspx,hub-only,https://www.oregon.gov/oha/osh/pages/mink-bowman.aspx
or,PLD-2022.11.03.pdf,872974,64480532f564152a0beff2f3f88ce81fb6fed900b2623234a23bad9587ef4dbe,https://www.oregon.gov/oha/osh/pages/mink-bowman.aspx,hub-only,https://www.oregon.gov/oha/osh/pages/mink-bowman.aspx
or,PLD-2024.03.03.pdf,412235,eeb2c6a2621d3f4677e667694275c7aa42ca152b1b6cce182678ab307db2c60f,https://www.oregon.gov/oha/osh/pages/mink-bowman.aspx,hub-only,https://www.oregon.gov/oha/osh/pages/mink-bowman.aspx
wa,Trueblood-Report-2016-05.pdf,2831212,98778389eac9fc05246f84e93ee3fe103472a48eb7efc97a135698a99a49952e,https://www.dshs.wa.gov/sites/default/files/BHSIA/FMHS/Trueblood/2016Trueblood/Trueblood-Report-2016-05.pdf,confirmed,https://www.dshs.wa.gov/bha/court-monitor-reports
wa,Trueblood-Report-2018-11.pdf,1741628,e43a0be7d79cb50cf290be28f3144cf31a4c1ecc1c35b6030058ba9b445477c7,https://www.dshs.wa.gov/sites/default/files/BHSIA/FMHS/Trueblood/2018Trueblood/Trueblood-Report-2018-11.pdf,confirmed,https://www.dshs.wa.gov/bha/court-monitor-reports
wa,Trueblood-Report-2018-12.pdf,1748725,06516f1429cdc50f8be82544c7e53c69e1f606d94cb9a4182771b13986a1f639,https://www.dshs.wa.gov/sites/default/files/BHSIA/FMHS/Trueblood/2018Trueblood/Trueblood-Report-2018-12.pdf,confirmed,https://www.dshs.wa.gov/bha/court-monitor-reports
wa,Trueblood-Report-2019-01.pdf,1736370,0d1930c27939f25ca8a0c1b8d79c482bdf645d4699544723f85a349a2d15e66f,https://www.dshs.wa.gov/sites/default/files/BHSIA/FMHS/Trueblood/2019Trueblood/Trueblood-Report-2019-01.pdf,confirmed,https://www.dshs.wa.gov/bha/court-monitor-reports
wa,Trueblood-Report-2019-02.pdf,1738847,29f42cc9a6bb735970965bd7dd2be78884fe4ae26c5e78fbd29e9ae3b230e37b,https://www.dshs.wa.gov/sites/default/files/BHSIA/FMHS/Trueblood/2019Trueblood/Trueblood-Report-2019-02.pdf,confirmed,https://www.dshs.wa.gov/bha/court-monitor-reports
wa,Trueblood-Report-2019-03.pdf,1839679,59180600b458af9bbaa3eb7a6055b3f1c81adc661a65e9fdf1e8cf301b0da549,https://www.dshs.wa.gov/sites/default/files/BHSIA/FMHS/Trueblood/2019Trueblood/Trueblood-Report-2019-03.pdf,confirmed,https://www.dshs.wa.gov/bha/court-monitor-reports
wa,Trueblood-Report-2019-04.pdf,2088655,3982102aaf565a5a6c5e3438217994f45ccb34b761aa3303d5263de1f35cb0a9,https://www.dshs.wa.gov/sites/default/files/BHSIA/FMHS/Trueblood/2019Trueblood/Trueblood-Report-2019-04.pdf,confirmed,https://www.dshs.wa.gov/bha/court-monitor-reports
wa,Trueblood-Report-2019-05.pdf,2088311,48ba75917cc46d16aba3c0f4631bd5f6f90cc5993e7c69e13091b2fd9c7980f5,https://www.dshs.wa.gov/sites/default/files/BHSIA/FMHS/Trueblood/2019Trueblood/Trueblood-Report-2019-05.pdf,confirmed,https://www.dshs.wa.gov/bha/court-monitor-reports
wa,Trueblood-Report-2019-06.pdf,2028009,df2a0b64b835d98d9d6529916fbeda1c147ca7bac82d443d1fdc68fdce0b7163,https://www.dshs.wa.gov/sites/default/files/BHSIA/FMHS/Trueblood/2019Trueblood/Trueblood-Report-2019-06.pdf,confirmed,https://www.dshs.wa.gov/bha/court-monitor-reports
wa,Trueblood-Report-2019-07.pdf,2073784,a2b6ac7e38ef38cba82544dd42519709028a96a2f360a9c53aea12668e3b10c1,https://www.dshs.wa.gov/sites/default/files/BHSIA/FMHS/Trueblood/2019Trueblood/Trueblood-Report-2019-07.pdf,confirmed,https://www.dshs.wa.gov/bha/court-monitor-reports
wa,Trueblood-Report-2019-08.pdf,2130781,c3e0e3ae6c94a9d0ebbfd796d20642ab71974591853dcfb8112aca47e4f991f0,https://www.dshs.wa.gov/sites/default/files/BHSIA/FMHS/Trueblood/2019Trueblood/Trueblood-Report-2019-08.pdf,confirmed,https://www.dshs.wa.gov/bha/court-monitor-reports
wa,Trueblood-Report-2019-09.pdf,2103805,c8d0c873197d7385e71412d80fb1ed7fe10a301d7de292a1277c04136c77e82b,https://www.dshs.wa.gov/sites/default/files/BHSIA/FMHS/Trueblood/2019Trueblood/Trueblood-Report-2019-09.pdf,confirmed,https://www.dshs.wa.gov/bha/court-monitor-reports
wa,Trueblood-Report-2019-10.pdf,687752,68a64fa8c402ea7b53932139ea1419999bcade3be1add35a7ad72f67bb68e4fb,https://www.dshs.wa.gov/sites/default/files/BHSIA/FMHS/Trueblood/2019Trueblood/Trueblood-Report-2019-10.pdf,confirmed,https://www.dshs.wa.gov/bha/court-monitor-reports
wa,Trueblood-Report-2019-11.pdf,1002407,6ba93df679492e86c9a794035319a9ba9258274f019540a0d20c9afef3976bf5,https://www.dshs.wa.gov/sites/default/files/BHSIA/FMHS/Trueblood/2019Trueblood/Trueblood-Report-2019-11.pdf,confirmed,https://www.dshs.wa.gov/bha/court-monitor-reports
wa,Trueblood-Report-2019-12.pdf,1020016,ff3749aafc99e69b09eb6a7f2f3bb0e69b2fbc155a0c06726c33a99aa1dbfc6b,https://www.dshs.wa.gov/sites/default/files/BHSIA/FMHS/Trueblood/2019Trueblood/Trueblood-Report-2019-12.pdf,confirmed,https://www.dshs.wa.gov/bha/court-monitor-reports
wa,Trueblood-Report-2020-01.pdf,1031316,9eb8848df148ef08dfb354584a4de7250100e9eb1409703ec33f3a81ed07d431,https://www.dshs.wa.gov/sites/default/files/BHSIA/FMHS/Trueblood/2020Trueblood/Trueblood-Report-2020-01.pdf,confirmed,https://www.dshs.wa.gov/bha/court-monitor-reports
wa,Trueblood-Report-2020-02.pdf,1014553,2a357dc9397935be4fcf6e9cc672d76ce4ec26c705fdc590d1234ef9146ca6a2,https://www.dshs.wa.gov/sites/default/files/BHSIA/FMHS/Trueblood/2020Trueblood/Trueblood-Report-2020-02.pdf,confirmed,https://www.dshs.wa.gov/bha/court-monitor-reports
wa,Trueblood-Report-2020-03.pdf,2107571,fa647c8d44626a2dc354b21ae81320ee094b392b418400f220eba58a5f921d28,https://www.dshs.wa.gov/sites/default/files/BHSIA/FMHS/Trueblood/2020Trueblood/Trueblood-Report-2020-03.pdf,confirmed,https://www.dshs.wa.gov/bha/court-monitor-reports
wa,Trueblood-Report-2020-04.pdf,2036204,8006f565d52c3e95da5bc2125186664999b08ed201a260ff6c776599956f0f84,https://www.dshs.wa.gov/sites/default/files/BHSIA/FMHS/Trueblood/2020Trueblood/Trueblood-Report-2020-04.pdf,confirmed,https://www.dshs.wa.gov/bha/court-monitor-reports
wa,Trueblood-Report-2020-05.pdf,2111279,1bb8472c04e2b60dd71ab2ec8fd92cce8208f40baa567bd66cb572df6d974b3a,https://www.dshs.wa.gov/sites/default/files/BHSIA/FMHS/Trueblood/2020Trueblood/Trueblood-Report-2020-05.pdf,confirmed,https://www.dshs.wa.gov/bha/court-monitor-reports
wa,Trueblood-Report-2020-06.pdf,1184638,99295309355d9e39a4a5d2871d6e672a0e0a5bb1ed12452207c93609ab3b390a,https://www.dshs.wa.gov/sites/default/files/BHSIA/FMHS/Trueblood/2020Trueblood/Trueblood-Report-2020-06.pdf,confirmed,https://www.dshs.wa.gov/bha/court-monitor-reports
wa,Trueblood-Report-2020-07.pdf,1051437,7f9e598ef9dfca443a77fab82985a4f461fd6cfc6a3e4e733e7a7e1fc4b05dc2,https://www.dshs.wa.gov/sites/default/files/BHSIA/FMHS/Trueblood/2020Trueblood/Trueblood-Report-2020-07.pdf,confirmed,https://www.dshs.wa.gov/bha/court-monitor-reports
wa,Trueblood-Report-2020-08.pdf,2162034,3748df2b901c0d33d757d35559cfb1d91352b54259eab570af39476298921e79,https://www.dshs.wa.gov/sites/default/files/BHSIA/FMHS/Trueblood/2020Trueblood/Trueblood-Report-2020-08.pdf,confirmed,https://www.dshs.wa.gov/bha/court-monitor-reports
wa,Trueblood-Report-2020-09.pdf,2160136,3319302cfb51f625bc486ba107bdabb9ab87f2d7860f5480247ea09904e2010a,https://www.dshs.wa.gov/sites/default/files/BHSIA/FMHS/Trueblood/2020Trueblood/Trueblood-Report-2020-09.pdf,confirmed,https://www.dshs.wa.gov/bha/court-monitor-reports
wa,Trueblood-Report-2020-10.pdf,1230730,2bedf0f4cfffe7ee929be6588adbf13d2f5afa2c94a7dd7584c1dee88fbf16bd,https://www.dshs.wa.gov/sites/default/files/BHSIA/FMHS/Trueblood/2020Trueblood/Trueblood-Report-2020-10.pdf,confirmed,https://www.dshs.wa.gov/bha/court-monitor-reports
wa,Trueblood-Report-2020-11.pdf,1199012,595ab0efa4413191b1be2e57202a0fcd0602f65d4123ae040935f9047092041f,https://www.dshs.wa.gov/sites/default/files/BHSIA/FMHS/Trueblood/2020Trueblood/Trueblood-Report-2020-11.pdf,confirmed,https://www.dshs.wa.gov/bha/court-monitor-reports
wa,Trueblood-Report-2020-12.pdf,1134586,197278ce3fbfe9bd167e30ce33ccd2b18c927b6ca2e3abf4c44f1e88261ece68,https://www.dshs.wa.gov/sites/default/files/BHSIA/FMHS/Trueblood/2020Trueblood/Trueblood-Report-2020-12.pdf,confirmed,https://www.dshs.wa.gov/bha/court-monitor-reports
wa,Trueblood-Report-2021-01.pdf,1196556,ee5f4e460f7baed09e8ba425794c7e36a252a4d34e37afb7386590a9bb5d6022,https://www.dshs.wa.gov/sites/default/files/BHSIA/FMHS/Trueblood/2021Trueblood/Trueblood-Report-2021-01.pdf,confirmed,https://www.dshs.wa.gov/bha/court-monitor-reports
wa,Trueblood-Report-2021-02.pdf,1935693,b54a5a28745cd9b9dc625f08716eb681370c459a0c7a095fb51e1e4b4daee988,https://www.dshs.wa.gov/sites/default/files/BHSIA/FMHS/Trueblood/2021Trueblood/Trueblood-Report-2021-02.pdf,confirmed,https://www.dshs.wa.gov/bha/court-monitor-reports
wa,Trueblood-Report-2021-03.pdf,1144779,6b2aa713e0fb64e1fa075b34d6d45ddb7a68cb4ab07075089e36ef6fc4ad97f0,https://www.dshs.wa.gov/sites/default/files/BHSIA/FMHS/Trueblood/2021Trueblood/Trueblood-Report-2021-03.pdf,confirmed,https://www.dshs.wa.gov/bha/court-monitor-reports
wa,Trueblood-Report-2021-04.pdf,1177362,4b588bfa8cf23fc30319464c8f24aff9b27e9069f22e21754fc2692f718ae107,https://www.dshs.wa.gov/sites/default/files/BHSIA/FMHS/Trueblood/2021Trueblood/Trueblood-Report-2021-04.pdf,confirmed,https://www.dshs.wa.gov/bha/court-monitor-reports
wa,Trueblood-Report-2021-05.pdf,1177379,0cb3da8cda633b63d84e49125927be322d308a262bae60653c57bca80d3685a7,https://www.dshs.wa.gov/sites/default/files/BHSIA/FMHS/Trueblood/2021Trueblood/Trueblood-Report-2021-05.pdf,confirmed,https://www.dshs.wa.gov/bha/court-monitor-reports
wa,Trueblood-Report-2021-06.pdf,1172067,aecc13a6d1dc773f101388b2b0c99174f944df9f2463932705ce34e89d49533b,https://www.dshs.wa.gov/sites/default/files/BHSIA/FMHS/Trueblood/2021Trueblood/Trueblood-Report-2021-06.pdf,confirmed,https://www.dshs.wa.gov/bha/court-monitor-reports
wa,Trueblood-Report-2021-07.pdf,1170093,5d748b19d1a95083c5a7cfb55c48e406ea4f2748f126b0ddb51c60468b1d52c0,https://www.dshs.wa.gov/sites/default/files/BHSIA/FMHS/Trueblood/2021Trueblood/Trueblood-Report-2021-07.pdf,confirmed,https://www.dshs.wa.gov/bha/court-monitor-reports
wa,Trueblood-Report-2021-08.pdf,1252539,8c4284e1d3886b48bbabfe84929196944398d2590b5d4cfd2893224106ccc3c9,https://www.dshs.wa.gov/sites/default/files/BHSIA/FMHS/Trueblood/2021Trueblood/Trueblood-Report-2021-08.pdf,confirmed,https://www.dshs.wa.gov/bha/court-monitor-reports
wa,Trueblood-Report-2021-09.pdf,1157561,19b1ac35a2ccce5e53ee3cd0e8ede6cc5ef9f08c74adf9f039f0f66f88362698,https://www.dshs.wa.gov/sites/default/files/BHSIA/FMHS/Trueblood/2021Trueblood/Trueblood-Report-2021-09.pdf,confirmed,https://www.dshs.wa.gov/bha/court-monitor-reports
wa,Trueblood-Report-2021-10.pdf,1123410,97de982233a360ed2fcbc7de2bca23f7ba7b18eb888642626217f8f4321b6807,https://www.dshs.wa.gov/sites/default/files/BHSIA/FMHS/Trueblood/2021Trueblood/Trueblood-Report-2021-10.pdf,confirmed,https://www.dshs.wa.gov/bha/court-monitor-reports
wa,Trueblood-Report-2021-11.pdf,1135117,a4ddd236f8ce04eba112bee231ae511a5496f28b8519999d4bfc649479f0dee7,https://www.dshs.wa.gov/sites/default/files/BHSIA/FMHS/Trueblood/2021Trueblood/Trueblood-Report-2021-11.pdf,confirmed,https://www.dshs.wa.gov/bha/court-monitor-reports
wa,Trueblood-Report-2021-12.pdf,1122034,84321c2e419d6740f0431f26eefe8b87ec0c751cb922b25441c8c72905d86d92,https://www.dshs.wa.gov/sites/default/files/BHSIA/FMHS/Trueblood/2021Trueblood/Trueblood-Report-2021-12.pdf,confirmed,https://www.dshs.wa.gov/bha/court-monitor-reports
wa,Trueblood-Report-2022-01.pdf,1116794,80a1c9a9027aaea660e62f5736ad560e49715d46ec095fc628446972f11c77e1,https://www.dshs.wa.gov/sites/default/files/BHSIA/FMHS/Trueblood/2022Trueblood/Trueblood-Report-2022-01.pdf,confirmed,https://www.dshs.wa.gov/bha/court-monitor-reports
wa,Trueblood-Report-2022-02.pdf,1138042,7e09835777852d94fb00b8279d1a2168c9ae1d82d847575e9751853c3700b1b6,https://www.dshs.wa.gov/sites/default/files/BHSIA/FMHS/Trueblood/2022Trueblood/Trueblood-Report-2022-02.pdf,confirmed,https://www.dshs.wa.gov/bha/court-monitor-reports
wa,Trueblood-Report-2022-03.pdf,1161473,7582955117425d5ebd31dc9e257bd09cfe23e29c347a2508e2171143e7470c4f,https://www.dshs.wa.gov/sites/default/files/BHSIA/FMHS/Trueblood/2022Trueblood/Trueblood-Report-2022-03.pdf,confirmed,https://www.dshs.wa.gov/bha/court-monitor-reports
wa,Trueblood-Report-2022-04.pdf,1242307,86a0c06b80b5a4c7ab6ef3a8db0de3b9dd6848ad7f86bbbee3a82c45e151ba44,https://www.dshs.wa.gov/sites/default/files/BHSIA/FMHS/Trueblood/2022Trueblood/Trueblood-Report-2022-04.pdf,confirmed,https://www.dshs.wa.gov/bha/court-monitor-reports
wa,Trueblood-Report-2022-05.pdf,1161879,6fa242a431c7ef15659a4cb33aed48d5923bc2824ea40ce9e49fabaf2d1bbc61,https://www.dshs.wa.gov/sites/default/files/BHSIA/FMHS/Trueblood/2022Trueblood/Trueblood-Report-2022-05.pdf,confirmed,https://www.dshs.wa.gov/bha/court-monitor-reports
wa,Trueblood-Report-2022-06.pdf,1181188,fac7ad731caffa22f45fbce8460da1a07294b7dfe3f2c9010e18e2b259c3fb29,https://www.dshs.wa.gov/sites/default/files/BHSIA/FMHS/Trueblood/2022Trueblood/Trueblood-Report-2022-06.pdf,confirmed,https://www.dshs.wa.gov/bha/court-monitor-reports
wa,Trueblood-Report-2022-07.pdf,1199402,1ed794b880ceccb5c6c0fb9fcbfa5334d4638ce1cf5b3bdc7baf3ceed2442b41,https://www.dshs.wa.gov/sites/default/files/BHSIA/FMHS/Trueblood/2022Trueblood/Trueblood-Report-2022-07.pdf,confirmed,https://www.dshs.wa.gov/bha/court-monitor-reports
wa,Trueblood-Report-2022-08.pdf,1196765,76874be56410b43142cc5790a0033d5b079e7dd439abd18b200e1c7b23086e9b,https://www.dshs.wa.gov/sites/default/files/BHSIA/FMHS/Trueblood/2022Trueblood/Trueblood-Report-2022-08.pdf,confirmed,https://www.dshs.wa.gov/bha/court-monitor-reports
wa,Trueblood-Report-2022-09.pdf,1211541,74671e617b2c6d750b471f9eff80cce6729d51dcc15f8afc5c011cf27d33fb0e,https://www.dshs.wa.gov/sites/default/files/BHSIA/FMHS/Trueblood/2022Trueblood/Trueblood-Report-2022-09.pdf,confirmed,https://www.dshs.wa.gov/bha/court-monitor-reports
wa,Trueblood-Report-2022-10.pdf,1336601,625cf77b4b24d04dcf59fa3de6091cdbe19b9bee60d4b03880d78e10c3620bb6,https://www.dshs.wa.gov/sites/default/files/BHSIA/FMHS/Trueblood/2022Trueblood/Trueblood-Report-2022-10.pdf,confirmed,https://www.dshs.wa.gov/bha/court-monitor-reports
wa,Trueblood-Report-2022-11.pdf,1212803,e8b82f16473aeb1f40b98a63cc7f1deaeeb26d8b97fb2d57b9512cf3ef3d61eb,https://www.dshs.wa.gov/sites/default/files/BHSIA/FMHS/Trueblood/2022Trueblood/Trueblood-Report-2022-11.pdf,confirmed,https://www.dshs.wa.gov/bha/court-monitor-reports
wa,Trueblood-Report-2023-01.pdf,1189114,3a0d5b251edc6e9bd2f63087886e5b798642179218d5d17d97d22ef720f6a55c,https://www.dshs.wa.gov/sites/default/files/BHSIA/FMHS/Trueblood/2023Trueblood/Trueblood-Report-2023-01.pdf,confirmed,https://www.dshs.wa.gov/bha/court-monitor-reports
wa,Trueblood-Report-2023-02.pdf,1217489,7009c637f545473614c19db1f6bfec943c5d4a4b4af57729def36ece6c53c051,https://www.dshs.wa.gov/sites/default/files/BHSIA/FMHS/Trueblood/2023Trueblood/Trueblood-Report-2023-02.pdf,confirmed,https://www.dshs.wa.gov/bha/court-monitor-reports
wa,Trueblood-Report-2023-04.pdf,1750974,1a09abe029a958d89c48d9d9698a04c7031f1f4dec1fc415a89f6d8e66ce6b6c,https://www.dshs.wa.gov/sites/default/files/BHSIA/FMHS/Trueblood/2023Trueblood/Trueblood-Report-2023-04.pdf,confirmed,https://www.dshs.wa.gov/bha/court-monitor-reports
wa,Trueblood-Report-2023-05.pdf,1247159,485d112f43413ee44a05b7e122e4edccf3517b3400309b8add71d621577a7b29,https://www.dshs.wa.gov/sites/default/files/BHSIA/FMHS/Trueblood/2023Trueblood/Trueblood-Report-2023-05.pdf,confirmed,https://www.dshs.wa.gov/bha/court-monitor-reports
wa,Trueblood-Report-2023-06.pdf,1235386,69cb8ee5977894a43c4592a1ce3ef202c9b5d8600c6e3b15148cc13441567139,https://www.dshs.wa.gov/sites/default/files/BHSIA/FMHS/Trueblood/2023Trueblood/Trueblood-Report-2023-06.pdf,confirmed,https://www.dshs.wa.gov/bha/court-monitor-reports
wa,Trueblood-Report-2023-07.pdf,1291517,d9268a6683f3a8d8b8dd50d30e08e34a3dc0c0db202a17457bfd8fb849e372ed,https://www.dshs.wa.gov/sites/default/files/BHSIA/FMHS/Trueblood/2023Trueblood/Trueblood-Report-2023-07.pdf,confirmed,https://www.dshs.wa.gov/bha/court-monitor-reports
wa,Trueblood-Report-2023-08.pdf,1782558,db59247b803fc2c05fd8f02032f6e4c8ad05e4525054937108a1267b91c60814,https://www.dshs.wa.gov/sites/default/files/BHSIA/FMHS/Trueblood/2023Trueblood/Trueblood-Report-2023-08.pdf,confirmed,https://www.dshs.wa.gov/bha/court-monitor-reports
wa,Trueblood-Report-2023-09.pdf,1240404,f8377cdfa1b9e765b6ca2b06b96eb811b81682004b0d72a6f4de3fda9ef1a6e8,https://www.dshs.wa.gov/sites/default/files/BHSIA/FMHS/Trueblood/2023Trueblood/Trueblood-Report-2023-09.pdf,confirmed,https://www.dshs.wa.gov/bha/court-monitor-reports
wa,Trueblood-Report-2023-10.pdf,1231582,f047e00db7cef9decf266e2785e0a1cacc9e8e28ec7438ea757d2b9acb3b10fe,https://www.dshs.wa.gov/sites/default/files/BHSIA/FMHS/Trueblood/2023Trueblood/Trueblood-Report-2023-10.pdf,confirmed,https://www.dshs.wa.gov/bha/court-monitor-reports
wa,Trueblood-Report-2023-11.pdf,1229854,15755243894ba55bbd7a4a7774d4b3d6a976f58b9e2d0ddd4af2b24814e0fb23,https://www.dshs.wa.gov/sites/default/files/BHSIA/FMHS/Trueblood/2023Trueblood/Trueblood-Report-2023-11.pdf,confirmed,https://www.dshs.wa.gov/bha/court-monitor-reports
wa,Trueblood-Report-2023-12.pdf,1853025,5bbaa732398b58bfb2ff3c97766f5feaa3945171b5c78d8743d6e874f34de51b,https://www.dshs.wa.gov/sites/default/files/BHSIA/FMHS/Trueblood/2023Trueblood/Trueblood-Report-2023-12.pdf,confirmed,https://www.dshs.wa.gov/bha/court-monitor-reports
wa,Trueblood-Report-2024-01.pdf,3018480,8133c8ee733006fb1d7ed69136d72e24004244bfa62ed1216003a117082e8db7,https://www.dshs.wa.gov/sites/default/files/BHSIA/FMHS/Trueblood/2024Trueblood/Trueblood-Report-2024-01.pdf,confirmed,https://www.dshs.wa.gov/bha/court-monitor-reports
wa,Trueblood-Report-2024-02.pdf,1223020,fd865b0cb0507bfcbb321fc482d2be14482943317d95bb3f28130cdb9ac2015d,https://www.dshs.wa.gov/sites/default/files/BHSIA/FMHS/Trueblood/2024Trueblood/Trueblood-Report-2024-02.pdf,confirmed,https://www.dshs.wa.gov/bha/court-monitor-reports
wa,Trueblood-Report-2024-03.pdf,1209219,549e58928e44d3bb273c260cf1dd4adcb71b56739121f1dbf7fe5a8dbe4db201,https://www.dshs.wa.gov/sites/default/files/BHSIA/FMHS/Trueblood/2024Trueblood/Trueblood-Report-2024-03.pdf,confirmed,https://www.dshs.wa.gov/bha/court-monitor-reports
wa,Trueblood-Report-2024-04.pdf,1207915,5636183a032d3b1387ed6c374a0c5da943061413bdc5fb4ffdce6dca00e59d79,https://www.dshs.wa.gov/sites/default/files/BHSIA/FMHS/Trueblood/2024Trueblood/Trueblood-Report-2024-04.pdf,confirmed,https://www.dshs.wa.gov/bha/court-monitor-reports
wa,Trueblood-Report-2024-05.pdf,1186724,ca3168328dcc55d7ec27f2ee96b1c1644109a7c503304ec23fa76c68a3020c3e,https://www.dshs.wa.gov/sites/default/files/BHSIA/FMHS/Trueblood/2024Trueblood/Trueblood-Report-2024-05.pdf,confirmed,https://www.dshs.wa.gov/bha/court-monitor-reports
wa,Trueblood-Report-2024-06.pdf,1262649,58591efc121466c04bd46507acb5ff7482dfed285e2ecb2f0ab92e022b2e8f57,https://www.dshs.wa.gov/sites/default/files/BHSIA/FMHS/Trueblood/2024Trueblood/Trueblood-Report-2024-06.pdf,confirmed,https://www.dshs.wa.gov/bha/court-monitor-reports
wa,Trueblood-Report-2024-07.pdf,1246578,241098be5e6bd1670ac33d27abd4a02913eab1b7e1f1de18a792dea9e01ac9a1,https://www.dshs.wa.gov/sites/default/files/BHSIA/FMHS/Trueblood/2024Trueblood/Trueblood-Report-2024-07.pdf,confirmed,https://www.dshs.wa.gov/bha/court-monitor-reports
wa,Trueblood-Report-2024-08.pdf,1200347,14009159338aaeafdb57f1cdf933deafe65308c9be21eb5959d534d76b9efedf,https://www.dshs.wa.gov/sites/default/files/BHSIA/FMHS/Trueblood/2024Trueblood/Trueblood-Report-2024-08.pdf,confirmed,https://www.dshs.wa.gov/bha/court-monitor-reports
wa,Trueblood-Report-2024-09.pdf,1179962,3bfc640f8b9d4c198704504e9b61c3eab4b9c19ac2c94fd05c038b088d4e73f5,https://www.dshs.wa.gov/sites/default/files/BHSIA/FMHS/Trueblood/2024Trueblood/Trueblood-Report-2024-09.pdf,confirmed,https://www.dshs.wa.gov/bha/court-monitor-reports
wa,Trueblood-Report-2024-10.pdf,1177283,46d3b90ae09f4db4533c6842c6e89cdbdc971a6c2e051dc208718e612fc4883b,https://www.dshs.wa.gov/sites/default/files/BHSIA/FMHS/Trueblood/2024Trueblood/Trueblood-Report-2024-10.pdf,confirmed,https://www.dshs.wa.gov/bha/court-monitor-reports
wa,Trueblood-Report-2024-11.pdf,1187675,53aaf66ede40e9aed3eb5656818a5d8c8db6890cd7575b1e901cd0dcb02dbdac,https://www.dshs.wa.gov/sites/default/files/BHSIA/FMHS/Trueblood/2024Trueblood/Trueblood-Report-2024-11.pdf,confirmed,https://www.dshs.wa.gov/bha/court-monitor-reports
wa,Trueblood-Report-2024-12.pdf,1585036,faf2ed19cc5426ba9ec3e83fc7b1a2f9fd883ee6f2da7f02619a14288eed8914,https://www.dshs.wa.gov/sites/default/files/BHSIA/FMHS/Trueblood/2024Trueblood/Trueblood-Report-2024-12.pdf,confirmed,https://www.dshs.wa.gov/bha/court-monitor-reports
wa,Trueblood-Report-2025-01.pdf,1552211,901f55094ef0e6f441f3e24663eb790b92cd08dd0d59eea509b2d643171aa859,https://www.dshs.wa.gov/sites/default/files/BHSIA/FMHS/Trueblood/2025Trueblood/Trueblood-Report-2025-01.pdf,confirmed,https://www.dshs.wa.gov/bha/court-monitor-reports
wa,Trueblood-Report-2025-02.pdf,1554140,265ae906e2cbb49abbbecaca00f5b5326c575be8eb011fc9b69f657f7e775c20,https://www.dshs.wa.gov/sites/default/files/BHSIA/FMHS/Trueblood/2025Trueblood/Trueblood-Report-2025-02.pdf,confirmed,https://www.dshs.wa.gov/bha/court-monitor-reports
wa,Trueblood-Report-2025-03.pdf,1555475,07ce04aa2201cc63ed3dd6f8ecd931d1563da00a044b6604922fc8f099c27feb,https://www.dshs.wa.gov/sites/default/files/BHSIA/FMHS/Trueblood/2025Trueblood/Trueblood-Report-2025-03.pdf,confirmed,https://www.dshs.wa.gov/bha/court-monitor-reports
wa,Trueblood-Report-2025-04.pdf,1602714,ccf190df18c8ad9c8e4b5110d3068ecdae2453433b42e7e781b8b25417a21fe0,https://www.dshs.wa.gov/sites/default/files/BHSIA/FMHS/Trueblood/2025Trueblood/Trueblood-Report-2025-04.pdf,confirmed,https://www.dshs.wa.gov/bha/court-monitor-reports
wa,Trueblood-Report-2025-05.pdf,1609883,3476aedc530f5401d0f2942b24da50005394697936c3a3366913289cdbb000f4,https://www.dshs.wa.gov/sites/default/files/BHSIA/FMHS/Trueblood/2025Trueblood/Trueblood-Report-2025-05.pdf,confirmed,https://www.dshs.wa.gov/bha/court-monitor-reports
wa,Trueblood-Report-2025-06.pdf,1645471,eb0f8715a50235ffbfabaf3d41c9a93a17b584126b53243c4454435447c7c829,https://www.dshs.wa.gov/sites/default/files/BHSIA/FMHS/Trueblood/2025Trueblood/Trueblood-Report-2025-06.pdf,confirmed,https://www.dshs.wa.gov/bha/court-monitor-reports
wa,Trueblood-Report-2025-07.pdf,1530859,3593428da632f6876a25a4cc6777b6360fcea7e507e14ceaeae711dfb5c03de1,https://www.dshs.wa.gov/sites/default/files/BHSIA/FMHS/Trueblood/2025Trueblood/Trueblood-Report-2025-07.pdf,confirmed,https://www.dshs.wa.gov/bha/court-monitor-reports
wa,Trueblood-Report-2025-08.pdf,1629255,4e61c15429a2af32586d3da4f6298b4304e5da75f7baeadeade036b98f71f220,https://www.dshs.wa.gov/sites/default/files/BHSIA/FMHS/Trueblood/2025Trueblood/Trueblood-Report-2025-08.pdf,confirmed,https://www.dshs.wa.gov/bha/court-monitor-reports
wa,Trueblood-Report-2025-09.pdf,1647296,b967b422d8e702628fa003362ac18955439aec429dbe61a0f1d4adb3f9ea188a,https://www.dshs.wa.gov/sites/default/files/BHSIA/FMHS/Trueblood/2025Trueblood/Trueblood-Report-2025-09.pdf,confirmed,https://www.dshs.wa.gov/bha/court-monitor-reports
wa,Trueblood-Report-2025-10.pdf,1659276,576a95fe6dda992b8b458446dd02f654c6ad054a3a2d8dff141d4df8d4882ff8,https://www.dshs.wa.gov/sites/default/files/BHSIA/FMHS/Trueblood/2025Trueblood/Trueblood-Report-2025-10.pdf,confirmed,https://www.dshs.wa.gov/bha/court-monitor-reports
wa,Trueblood-Report-2025-11.pdf,1653590,c4932d189f27e6b7da48e014e959f0237ba7fcd0ab9025f052753b03a96c2326,https://www.dshs.wa.gov/sites/default/files/BHSIA/FMHS/Trueblood/2025Trueblood/Trueblood-Report-2025-11.pdf,confirmed,https://www.dshs.wa.gov/bha/court-monitor-reports
wa,Trueblood-Report-2025-12.pdf,1660245,c2cca9e449364fe407c9dfc61508d679ca594c648aa409593ac1fb8a86226e2a,https://www.dshs.wa.gov/sites/default/files/BHSIA/FMHS/Trueblood/2025Trueblood/Trueblood-Report-2025-12.pdf,confirmed,https://www.dshs.wa.gov/bha/court-monitor-reports
wa,Trueblood-Report-2026-01.pdf,1713011,7c0ee14e808319053ffa7ab4b1b0d7f67073d3846f9a9ed90e5c5a8bdaa58b38,https://manuals.dshs.wa.gov/sites/default/files/BHSIA/FMHS/Trueblood/2026Trueblood/Trueblood-Report-2026-01.pdf,confirmed,https://www.dshs.wa.gov/bha/court-monitor-reports
wa,Trueblood-Report-2026-02.pdf,1633942,62cb0b228080e9fd4dad404838badc9860c548596bdb22ead1babcc9181b634c,https://manuals.dshs.wa.gov/sites/default/files/BHSIA/FMHS/Trueblood/2026Trueblood/Trueblood-Report-2026-02.pdf,confirmed,https://www.dshs.wa.gov/bha/court-monitor-reports
wa,Trueblood-Report-2026-03.pdf,1626498,f84492e7b4b1d4469e6ee07dccac2ba5271096558cb032e9af6019c2130b686b,https://manuals.dshs.wa.gov/sites/default/files/BHSIA/FMHS/Trueblood/2026Trueblood/Trueblood-Report-2026-03.pdf,confirmed,https://www.dshs.wa.gov/bha/court-monitor-reports
wa,Trueblood-Report-2026-04.pdf,1623969,bb022575e7bf674f6aaf0955db0ab9472feec26cb224a628f8389c4567c7104d,https://manuals.dshs.wa.gov/sites/default/files/BHSIA/FMHS/Trueblood/2026Trueblood/Trueblood-Report-2026-04.pdf,confirmed,https://www.dshs.wa.gov/bha/court-monitor-reports
wa,Trueblood-Report-2026-05.pdf,1497896,8494818a48299724dcfc6f1fc9b40dd19c2923031e9e0743ac3b5d38509045be,https://manuals.dshs.wa.gov/sites/default/files/BHSIA/FMHS/Trueblood/2026Trueblood/Trueblood-Report-2026-05.pdf,confirmed,https://www.dshs.wa.gov/bha/court-monitor-reports
wa,Trueblood-Report-2026-06.pdf,1633934,1f7fce53996cb3a2982d67aaad7d0e960e6f17473ade36d9a803310a6905bc43,https://manuals.dshs.wa.gov/sites/default/files/BHSIA/FMHS/Trueblood/2026Trueblood/Trueblood-Report-2026-06.pdf,confirmed,https://www.dshs.wa.gov/bha/court-monitor-reports
co,fy2024-25_humbrf2.5.pdf,3150412,f40320006e4c759e542eac93e29958796ed91c84b25be5b412c75d76e94c002f,https://web.archive.org/web/20250224084723/http://leg.colorado.gov/sites/default/files/fy2024-25_humbrf2.5.pdf,confirmed,https://leg.colorado.gov/agencies/joint-budget-committee
co,fy2025-26_humbrf1.5.pdf,1993065,c338b6099f5a7f83116d47e235521588d9a3449574e9ab14236673f4ee6eb56a,https://web.archive.org/web/20250407090012/http://leg.colorado.gov/sites/default/files/fy2025-26_humbrf1.5.pdf,confirmed,https://leg.colorado.gov/agencies/joint-budget-committee
co,jbc_memo.pdf,199987,fedb448722c549e22e7722fc73b0f1f0d9df5b75b3505457c8796b7706c73a61,https://leg.colorado.gov/agencies/joint-budget-committee,hub-only,https://leg.colorado.gov/agencies/joint-budget-committee
co,sm_109305.pdf,230098,420894c44793fc8220d4e8ba690ccb632779057d8f5e8d17601d13ff53103f38,https://www.courtlistener.com/docket/4176801/center-for-legal-advocacy-v-barnes/,hub-only,https://www.courtlistener.com/docket/4176801/center-for-legal-advocacy-v-barnes/
co,sm_109327.pdf,147838,ae4d2083e1a9d6622aaf132ad6bae7f9767c877d7b1b6fbced4185a4ec60965f,https://www.courtlistener.com/docket/4176801/center-for-legal-advocacy-v-barnes/,hub-only,https://www.courtlistener.com/docket/4176801/center-for-legal-advocacy-v-barnes/
co,sm_109331.pdf,600759,6b043cc609566701f7ab36d0a57719402d72d1dc7d7e40bba64f032a9c7d25a7,https://storage.courtlistener.com/recap/gov.uscourts.cod.128117/gov.uscourts.cod.128117.197.0.pdf,confirmed,https://www.courtlistener.com/docket/4176801/center-for-legal-advocacy-v-barnes/
co,sm_2023-11-28.pdf,787831,bfd9e2a6c4f95d76fb4ef642f589f76c8750387f8b13180b0c72025064e6bb40,https://storage.courtlistener.com/recap/gov.uscourts.cod.128117/gov.uscourts.cod.128117.280.0.pdf,confirmed,https://www.courtlistener.com/docket/4176801/center-for-legal-advocacy-v-barnes/
co,sm_2024-02-28.pdf,1524234,a56e90cfc4773a12e658e8d57f189ee4398c77f3859523911191fab51120cee1,https://storage.courtlistener.com/recap/gov.uscourts.cod.128117/gov.uscourts.cod.128117.284.0.pdf,confirmed,https://www.courtlistener.com/docket/4176801/center-for-legal-advocacy-v-barnes/
co,sm_2024-05-28.pdf,919130,a40739fe8c8d7278d838a3f35f2cb5009e6fcd8656bdd2fb346711d5129c7cd3,https://storage.courtlistener.com/recap/gov.uscourts.cod.128117/gov.uscourts.cod.128117.290.0.pdf,confirmed,https://www.courtlistener.com/docket/4176801/center-for-legal-advocacy-v-barnes/
co,sm_2024-08-28.pdf,799127,a12d1c39eb2670b674028cb3a5fca1056e152f60fe32b5d65781ed2009cd2eca,https://storage.courtlistener.com/recap/gov.uscourts.cod.128117/gov.uscourts.cod.128117.296.0.pdf,confirmed,https://www.courtlistener.com/docket/4176801/center-for-legal-advocacy-v-barnes/
co,sm_2024-11-28.pdf,563298,59e824a82223ad7cf6077c2e6f70b0c1e57a3e4b3398e193a565697c19e5bba3,https://www.courtlistener.com/docket/4176801/center-for-legal-advocacy-v-barnes/,hub-only,https://www.courtlistener.com/docket/4176801/center-for-legal-advocacy-v-barnes/
co,sm_2025-02-28.pdf,1437833,000f3767374a3c14f72d9dd158803b00e0169eca6c937273a2a6f66b0f901a0d,https://storage.courtlistener.com/recap/gov.uscourts.cod.128117/gov.uscourts.cod.128117.306.0.pdf,confirmed,https://www.courtlistener.com/docket/4176801/center-for-legal-advocacy-v-barnes/
co,sm_2025-05-28.pdf,1715661,487689f248be49d84cedbccf41f253c4868dc3d81a6cd77404e098e5c574c9fe,https://storage.courtlistener.com/recap/gov.uscourts.cod.128117/gov.uscourts.cod.128117.310.0.pdf,confirmed,https://www.courtlistener.com/docket/4176801/center-for-legal-advocacy-v-barnes/
co,sm_2026-05-28.pdf,5739310,108af2f687c3d00514e593c7cd980b73f8b1124dc9818f0a46ad3f8113940abd,https://storage.courtlistener.com/recap/gov.uscourts.cod.128117/gov.uscourts.cod.128117.341.0_1.pdf,confirmed,https://www.courtlistener.com/docket/4176801/center-for-legal-advocacy-v-barnes/
tx,mhs-waiting-lists-may-2023.pdf,377526,a61be388385e4ed3a3c93f2078fb1a233a1c1cb3b87d8b689c2a256400b54eb3,https://web.archive.org/web/20230619145235/https://www.hhs.texas.gov/sites/default/files/documents/mhs-waiting-lists-may-2023.pdf,confirmed,https://www.hhs.texas.gov/about/records-statistics/data-statistics
tx,mhs-waiting-lists-may-2024.pdf,407426,a4612caa41144d3a89ca3e888d7592759ee52bb880ae2ef135718fcc47d60d07,https://www.hhs.texas.gov/sites/default/files/documents/mhs-waiting-lists-may-2024.pdf,inferred,https://www.hhs.texas.gov/about/records-statistics/data-statistics
tx,mhs-waiting-lists-may-2025.pdf,533987,a0c7c8e3df80669daffc1bac22ffd2b996d1eaa2b7f42e80bc5b9de2096b976e,https://www.hhs.texas.gov/sites/default/files/documents/mhs-waiting-lists-may-2025.pdf,inferred,https://www.hhs.texas.gov/about/records-statistics/data-statistics
tx,mhs-waiting-lists-nov-2023.pdf,370232,cde9e1595b0d0ca193dd60c53874ca92787642c2516e2621692ae068508be19d,https://web.archive.org/web/20231202153236/https://www.hhs.texas.gov/sites/default/files/documents/mhs-waiting-lists-nov-2023.pdf,confirmed,https://www.hhs.texas.gov/about/records-statistics/data-statistics
tx,mhs-waiting-lists-nov-2024.pdf,563134,d67b989ad3bf4e2d1fa3a288f97ce4dca06541ee7cd0ab3086a4bb63643d1801,https://web.archive.org/web/20250208071757/https://www.hhs.texas.gov/sites/default/files/documents/mhs-waiting-lists-nov-2024.pdf,confirmed,https://www.hhs.texas.gov/about/records-statistics/data-statistics
tx,mhs-waiting-lists-nov-2025.pdf,543855,00529cb0ab8b1c34299fb459ffd16d586c9652ecc06872abaa5ce32315ce6bef,https://web.archive.org/web/20251222022155/https://www.hhs.texas.gov/sites/default/files/documents/mhs-waiting-lists-nov-2025.pdf,confirmed,https://www.hhs.texas.gov/about/records-statistics/data-statistics
ca,gov2023-24.pdf,21339878,22a233b5a56bebb639f7df66c4ad74df4922c90206d99f6a5f1f56a0ecbdb13b,https://web.archive.org/web/20230331050810/https://www.dsh.ca.gov/About_Us/docs/2023-24_Governors_Budget_Estimate.pdf,confirmed,https://www.dsh.ca.gov/About_Us/
ca,gov2024-25.pdf,19966826,2b6b2aea54e739652802981df3d93350af0703608cc5a08217235e5cb82a08f5,https://web.archive.org/web/20240125025600/https://www.dsh.ca.gov/About_Us/docs/2024-25_Governors_Budget_Estimate.pdf,confirmed,https://www.dsh.ca.gov/About_Us/
ca,gov2025-26.pdf,21972525,22afa42c6038c9876855ed5946f1ed043aa28dbb1fefde9ccfabb043efd8f1d1,https://web.archive.org/web/20250124222254/https://www.dsh.ca.gov/About_Us/docs/DSH_2025-26_Governor's_Budget_Estimate_Binder.pdf,confirmed,https://www.dsh.ca.gov/About_Us/
ca,gov2026-27.pdf,20455439,21b69d7476bd33bd28a788e788692090fe3031ed35f3290755d6e690067b84c2,https://www.dsh.ca.gov/About_Us/,hub-only,https://www.dsh.ca.gov/About_Us/
ca,may2022-23.pdf,23731195,33f881887503e99cc2e67b03500e809bb50e37f3dfd6542ea06b618b85f50913,https://web.archive.org/web/20220702014849/https://www.dsh.ca.gov/About_Us/docs/DSH_2022-23_May_Revision_Estimate.pdf,confirmed,https://www.dsh.ca.gov/About_Us/
ca,may2023-24.pdf,19125350,4548799cca7dbdcf8629156298ff1d462d982cbf4e9f3ebcdb090c05b18012de,https://web.archive.org/web/20230527071743/https://www.dsh.ca.gov/About_Us/docs/DSH_2023-24_May_Revision_Estimate.pdf,confirmed,https://www.dsh.ca.gov/About_Us/
ca,may2024-25.pdf,16608008,654f3ec78ae29af41aee4eb8896a492649be0eadf7b283f5c5c71d9f0cca775a,https://web.archive.org/web/20240524031635/https://www.dsh.ca.gov/About_Us/docs/DSH%202024-25_May_Revision_Estimate.pdf,confirmed,https://www.dsh.ca.gov/About_Us/
ca,may2025-26.pdf,13233952,e1d747e0e1507c67f332f0fb669aaf9f9591d1bc665438f0c409ea073dd1e52c,https://web.archive.org/web/20250520221112/https://www.dsh.ca.gov/About_Us/docs/DSH_2025-26_May_Revision_Estimate.pdf,confirmed,https://www.dsh.ca.gov/About_Us/
ca,may2026-27.pdf,13458252,f4933cdccac31f8510c53f46aef207144a856bbc29bcd9d50eb24b0e384a739f,https://www.dsh.ca.gov/About_Us/docs/DSH_2026-27_May_Revision_Estimate.pdf,confirmed,https://www.dsh.ca.gov/About_Us/
